customer_id,customer_first_name,customer_last_name,customer_gender,email,customer_phone
17,Wilhemina St.,Love,FEMALE,wilhemina st.@love-family.zzz,N/A
9,Mostafa,Watkins,MALE,mostafa@watkins-family.zzz,N/A
6,Stephanie,Larson,FEMALE,stephanie@larson-family.zzz,N/A
27,Elyssa,Morgan,FEMALE,elyssa@morgan-family.zzz,N/A
20,Mary,Watkins,FEMALE,mary@watkins-family.zzz,N/A
10,Recip,Sherman,MALE,recip@sherman-family.zzz,N/A
5,Rabbia Al,Tran,FEMALE,rabbia al@tran-family.zzz,N/A
42,Selena,Hampton,FEMALE,selena@hampton-family.zzz,N/A
31,Youssef,Underwood,MALE,youssef@underwood-family.zzz,N/A
21,Yuri,Pope,MALE,yuri@pope-family.zzz,N/A
11,Fitzgerald,Hansen,MALE,fitzgerald@hansen-family.zzz,N/A
12,Brigitte,Washington,FEMALE,brigitte@washington-family.zzz,N/A
38,Eddie,Benson,MALE,eddie@benson-family.zzz,N/A
41,Jim,Long,MALE,jim@long-family.zzz,N/A
34,Samir,Holland,MALE,samir@holland-family.zzz,N/A
44,Betty,Foster,FEMALE,betty@foster-family.zzz,N/A
28,Sonya,Richards,FEMALE,sonya@richards-family.zzz,N/A
14,Irwin,Ryan,MALE,irwin@ryan-family.zzz,N/A
52,Abd,King,MALE,abd@king-family.zzz,N/A
26,Gwen,Bailey,FEMALE,gwen@bailey-family.zzz,N/A
23,Yahya,Bryan,MALE,yahya@bryan-family.zzz,N/A
51,Marwan,Summers,MALE,marwan@summers-family.zzz,N/A
16,Jason,Brock,MALE,jason@brock-family.zzz,N/A
13,Jackson,Fletcher,MALE,jackson@fletcher-family.zzz,N/A
37,Muniz,Valdez,MALE,muniz@valdez-family.zzz,N/A
43,Yasmine,Turner,FEMALE,yasmine@turner-family.zzz,N/A
46,Abigail,Pope,FEMALE,abigail@pope-family.zzz,N/A
49,Frances,Underwood,FEMALE,frances@underwood-family.zzz,N/A
50,Phil,Hardy,MALE,phil@hardy-family.zzz,N/A
19,Sultan Al,Rodriguez,MALE,sultan al@rodriguez-family.zzz,N/A
7,Oliver,Phillips,MALE,oliver@phillips-family.zzz,N/A
48,Robbie,Martin,MALE,robbie@martin-family.zzz,N/A
29,Robert,Perry,MALE,robert@perry-family.zzz,N/A
32,George,Graves,MALE,george@graves-family.zzz,N/A
45,Pia,Shaw,FEMALE,pia@shaw-family.zzz,N/A
30,Thad,Bailey,MALE,thad@bailey-family.zzz,N/A
39,Kamal,Graham,MALE,kamal@graham-family.zzz,N/A
4,Ahmed Al,Wells,MALE,ahmed al@wells-family.zzz,N/A
22,Diane,Hopkins,FEMALE,diane@hopkins-family.zzz,N/A
8,Hicham,Howell,MALE,hicham@howell-family.zzz,N/A
36,Boris,Bowers,MALE,boris@bowers-family.zzz,N/A
18,Clarice,Gilbert,FEMALE,clarice@gilbert-family.zzz,N/A
24,rania,Smith,FEMALE,rania@smith-family.zzz,N/A
